{"flutter":{"platforms":{"android":{"default":{"projectId":"student-flutter-project","appId":"1:564791783960:android:41da037eae2c06e235c96d","fileOutput":"android/app/google-services.json"}},"ios":{"default":{"projectId":"student-flutter-project","appId":"1:564791783960:ios:564826613ea2c70135c96d","uploadDebugSymbols":false,"fileOutput":"ios/Runner/GoogleService-Info.plist"}},"macos":{"default":{"projectId":"student-flutter-project","appId":"1:564791783960:ios:564826613ea2c70135c96d","uploadDebugSymbols":false,"fileOutput":"macos/Runner/GoogleService-Info.plist"}},"dart":{"lib/firebase_options.dart":{"projectId":"student-flutter-project","configurations":{"android":"1:564791783960:android:41da037eae2c06e235c96d","ios":"1:564791783960:ios:564826613ea2c70135c96d","macos":"1:564791783960:ios:564826613ea2c70135c96d","web":"1:564791783960:web:820bbc88c388835835c96d","windows":"1:564791783960:web:1d110bb7ea78e79735c96d"}}}}}}